,sub,motion
0,sub-21,0.38619566
1,sub-06,0.5104402
2,sub-03,0.7983312
3,sub-22,0.56630886
4,sub-09,0.45233643
5,sub-02,0.35400766
0,sub-17,0.4049693
1,sub-10,0.27377847
2,sub-13,1.0080358
3,sub-05,0.5330522
4,sub-19,0.71921086
5,sub-08,0.1446942
0,sub-07,0.46559182
1,sub-15,0.42179057
2,sub-18,0.43369353
3,sub-20,0.5569408
4,sub-14,0.21298611
5,sub-01,0.49984348
0,sub-12,0.5758684
1,sub-11,0.32131034
2,sub-04,0.6458209
3,sub-16,0.3808316
