,sub,motion
0,sub-21,0.2617882
1,sub-06,1.6928401
2,sub-03,2.6098719
3,sub-22,0.8674074
4,sub-09,0.37921286
5,sub-02,0.27696237
0,sub-17,0.40594834
1,sub-10,0.6930019
2,sub-13,1.9128578
3,sub-05,1.9145826
4,sub-19,1.0922933
5,sub-08,0.49922702
0,sub-07,0.38599524
1,sub-15,1.8625972
2,sub-18,0.78444636
3,sub-20,0.45112148
4,sub-14,0.33376765
5,sub-01,0.75858384
0,sub-12,1.077094
1,sub-11,0.44229767
2,sub-04,1.9789752
3,sub-16,1.276009
