,sub,motion
0,sub-21,0.24325207
1,sub-06,1.590049
2,sub-03,2.2225657
3,sub-22,0.66106045
4,sub-09,0.32078055
5,sub-02,0.25584373
0,sub-17,0.4205833
1,sub-10,0.75205994
2,sub-13,1.7889801
3,sub-05,1.6391994
4,sub-19,1.000934
5,sub-08,0.4155294
0,sub-07,0.39977762
1,sub-15,1.8119559
2,sub-18,0.49432153
3,sub-20,0.46157745
4,sub-14,0.3326014
5,sub-01,0.7536521
0,sub-12,1.0984684
1,sub-11,0.3751642
2,sub-04,1.4074075
3,sub-16,1.1260297
