,sub,motion
0,sub-21,0.5508348
1,sub-06,0.5877351
2,sub-03,0.98335534
3,sub-22,1.0528817
4,sub-09,0.5135381
5,sub-02,0.48789546
0,sub-17,0.61399096
1,sub-10,0.28015813
2,sub-13,1.5825089
3,sub-05,0.8256619
4,sub-19,0.71806276
5,sub-08,0.20985578
0,sub-07,0.7171435
1,sub-15,1.8929906
2,sub-18,0.62671125
3,sub-20,0.64893866
4,sub-14,0.26031202
5,sub-01,0.5221461
0,sub-12,0.6543724
1,sub-11,0.3161488
2,sub-04,1.1122522
3,sub-16,0.4766369
