,sub,motion
0,sub-21,0.63463116
1,sub-06,0.76460904
2,sub-03,1.9999717
3,sub-22,1.0457283
4,sub-09,1.1440464
5,sub-02,1.1128713
0,sub-17,0.8215132
1,sub-10,0.35803616
2,sub-13,1.4376689
3,sub-05,1.4699107
4,sub-19,1.2134036
5,sub-08,0.832112
0,sub-07,0.6861754
1,sub-15,0.7363665
2,sub-18,0.763613
3,sub-20,0.60430944
4,sub-14,0.3626008
5,sub-01,0.62704986
0,sub-12,1.755162
1,sub-11,0.35368636
2,sub-04,1.7982576
3,sub-16,0.7431133
