,sub,motion
0,sub-21,0.46239203
1,sub-06,0.7627783
2,sub-03,1.1155232
3,sub-22,0.9443464
4,sub-09,0.3792693
5,sub-02,0.7563032
0,sub-17,0.5348927
1,sub-10,0.69105905
2,sub-13,2.0560458
3,sub-05,1.7922276
4,sub-19,1.024252
5,sub-08,3.1882873
0,sub-07,0.5071624
1,sub-15,0.7098152
2,sub-18,1.0056254
3,sub-20,0.47260568
4,sub-14,0.5264161
5,sub-01,0.7642642
0,sub-12,1.5114908
1,sub-11,0.59827757
2,sub-04,1.2275704
3,sub-16,1.595167
