,sub,motion
0,sub-21,0.39355165
1,sub-06,0.56441206
2,sub-03,0.94719344
3,sub-22,0.627047
4,sub-09,0.45616665
5,sub-02,0.33297127
0,sub-17,0.4263064
1,sub-10,0.27142453
2,sub-13,1.5187677
3,sub-05,0.75189704
4,sub-19,0.78114134
5,sub-08,0.22851877
0,sub-07,0.4600191
1,sub-15,1.4199129
2,sub-18,0.4740809
3,sub-20,0.79030055
4,sub-14,0.19208147
5,sub-01,0.4836269
0,sub-12,0.64625
1,sub-11,0.31703204
2,sub-04,0.69721246
3,sub-16,0.3915508
