sub,status,duration_s,grad_std
sub-08_shake_no_pmc,ok,21.130122661590576,0.023537056520581245
