,sub,motion
0,sub-21,0.5609564
1,sub-06,0.57137
2,sub-03,1.3133851
3,sub-22,1.3736463
4,sub-09,0.51355743
5,sub-02,0.5718967
0,sub-17,0.71702826
1,sub-10,0.2896847
2,sub-13,1.7098796
3,sub-05,1.3239534
4,sub-19,0.7290117
5,sub-08,0.21663833
0,sub-07,0.6942794
1,sub-15,2.0830963
2,sub-18,0.70427996
3,sub-20,0.7551419
4,sub-14,0.28831595
5,sub-01,0.5188689
0,sub-12,1.1265764
1,sub-11,0.34494153
2,sub-04,1.4287684
3,sub-16,0.5663527
